<?xml version="1.0" encoding="utf-8"?>
<ModMetaData>
	<name>[XND] Memorable Auroras</name>
	<author>XeoNovaDan</author>
	<packageId>XeoNovaDan.MemorableAuroras</packageId>
	<url>https://steamcommunity.com/sharedfiles/filedetails/?id=1437612522</url>
	<supportedVersions>
		<li>1.0</li>
		<li>1.1</li>
	</supportedVersions>
	<description>Current version: 2.0.0.1 (2nd March 2020)\n\nColonists (and raiders) will now remember the spectacle that is the aurora that they have witnessed during the previous night!</description>
	<modDependencies>
		<li>
			<packageId>brrainz.harmony</packageId>
			<displayName>Harmony</displayName>
			<downloadUrl>https://github.com/pardeike/HarmonyRimWorld/releases/latest</downloadUrl>
			<steamWorkshopUrl>https://steamcommunity.com/workshop/filedetails/?id=2009463077</steamWorkshopUrl>
		</li>
	</modDependencies>
	<loadAfter>
		<li>Ludeon.RimWorld</li>
		<li>Ludeon.RimWorld.Royalty</li>
		<li>brrainz.harmony</li>
	</loadAfter>
</ModMetaData>